sensor,distance
0.0,0.0
1.0,0.13999707030848668
3.0,0.17544158567550105
2.0,0.20993523955623986
4.0,0.28676503764719136
