sensor,distance
1.0,0.0
2.0,0.08848567155217588
0.0,0.13999707030848668
3.0,0.20438379036248258
4.0,0.29559303626341693
