sensor,distance
2.0,0.0
1.0,0.08848567155217588
3.0,0.1998728821312628
0.0,0.20993523955623986
4.0,0.26216840416515
