sensor,distance
3.0,0.0
4.0,0.11132901123809498
0.0,0.17544158567550105
2.0,0.1998728821312628
1.0,0.20438379036248258
