sensor,distance
4.0,0.0
3.0,0.11132901123809498
2.0,0.26216840416515
0.0,0.28676503764719136
1.0,0.29559303626341693
