sensor,distance
0.0,0.0
1.0,0.04997192524428678
2.0,0.1028680223067955
3.0,0.15583683780709864
