sensor,distance
1.0,0.0
0.0,0.04997192524428678
2.0,0.07683335331660665
3.0,0.13123043188253206
