sensor,distance
2.0,0.0
3.0,0.054818754151797856
1.0,0.07683335331660665
0.0,0.1028680223067955
