sensor,distance
3.0,0.0
2.0,0.054818754151797856
1.0,0.13123043188253206
0.0,0.15583683780709864
